match_id,match_date,home_name,away_name,home_score,away_score,first_scorer,first_goal_period,first_goal_minute,first_goal_elapsed_minutes,duration,home_leading_minutes,away_leading_minutes,draw_minutes,home_leading_pct,away_leading_pct,draw_pct
13981759,2025-07-18,Jagiellonia Białystok,Bruk-Bet Termalica Nieciecza,0,4,away,1.0,17.0,17.0,94,0.0,77.0,17.0,0.0,81.9,18.1
13981761,2025-07-18,Lech Poznań,Cracovia,1,4,away,1.0,2.0,2.0,107,0.0,105.0,2.0,0.0,98.1,1.9
13981750,2025-07-19,Widzew Łódź,Zagłębie Lubin,1,0,home,1.0,40.0,40.0,97,57.0,0.0,40.0,58.8,0.0,41.2
13981884,2025-07-19,Wisła Płock,MKS Korona Kielce,2,0,home,1.0,45.0,50.0,101,51.0,0.0,50.0,50.5,0.0,49.5
13981754,2025-07-19,GKS Katowice,Raków Częstochowa,0,1,away,2.0,51.0,55.0,103,0.0,48.0,55.0,0.0,46.6,53.4
13981752,2025-07-20,Górnik Zabrze,KS Lechia Gdańsk,2,1,home,1.0,33.0,33.0,97,64.0,0.0,33.0,66.0,0.0,34.0
13981753,2025-07-20,Motor Lublin,MZKS Arka Gdynia,1,0,home,2.0,50.0,52.0,97,45.0,0.0,52.0,46.4,0.0,53.6
13981760,2025-07-20,Radomiak Radom,Pogoń Szczecin,5,1,home,1.0,35.0,35.0,96,61.0,0.0,35.0,63.5,0.0,36.5
14079318,2025-12-14,Legia Warszawa,Piast Gliwice,0,1,away,2.0,83.0,83.0,93,0.0,10.0,83.0,0.0,10.8,89.2
13981767,2025-07-25,Cracovia,Bruk-Bet Termalica Nieciecza,2,0,home,1.0,21.0,21.0,96,75.0,0.0,21.0,78.1,0.0,21.9
13981755,2025-07-25,MZKS Arka Gdynia,Radomiak Radom,1,1,home,1.0,14.0,14.0,97,49.0,0.0,48.0,50.5,0.0,49.5
13981745,2025-07-26,Piast Gliwice,Górnik Zabrze,0,1,away,2.0,84.0,89.0,99,0.0,10.0,89.0,0.0,10.1,89.9
13981766,2025-07-26,Pogoń Szczecin,Motor Lublin,4,1,away,1.0,9.0,9.0,95,54.0,6.0,35.0,56.8,6.3,36.8
13981765,2025-07-26,KS Lechia Gdańsk,Lech Poznań,3,4,home,1.0,22.0,22.0,97,35.0,31.0,31.0,36.1,32.0,32.0
13981747,2025-07-27,Raków Częstochowa,Wisła Płock,1,2,home,1.0,19.0,19.0,103,22.0,28.0,53.0,21.4,27.2,51.5
13981748,2025-07-27,Jagiellonia Białystok,Widzew Łódź,3,2,home,1.0,3.0,3.0,97,25.0,31.0,41.0,25.8,32.0,42.3
13981749,2025-07-27,MKS Korona Kielce,Legia Warszawa,0,2,away,1.0,9.0,9.0,102,0.0,93.0,9.0,0.0,91.2,8.8
14051696,2025-07-28,GKS Katowice,Zagłębie Lubin,2,2,away,1.0,15.0,15.0,96,0.0,68.0,28.0,0.0,70.8,29.2
13981758,2025-08-01,Zagłębie Lubin,MKS Korona Kielce,1,1,away,2.0,68.0,68.0,95,0.0,3.0,92.0,0.0,3.2,96.8
13981751,2025-08-01,Wisła Płock,Piast Gliwice,2,0,home,1.0,44.0,44.0,93,49.0,0.0,44.0,52.7,0.0,47.3
13981756,2025-08-02,Bruk-Bet Termalica Nieciecza,Pogoń Szczecin,1,1,home,1.0,18.0,18.0,93,50.0,0.0,43.0,53.8,0.0,46.2
13981763,2025-08-02,Widzew Łódź,GKS Katowice,3,0,home,1.0,18.0,18.0,97,79.0,0.0,18.0,81.4,0.0,18.6
13981769,2025-08-02,Lech Poznań,Górnik Zabrze,2,1,home,2.0,60.0,61.0,94,33.0,0.0,61.0,35.1,0.0,64.9
13981772,2025-08-03,Cracovia,KS Lechia Gdańsk,2,2,away,1.0,9.0,9.0,100,0.0,64.0,36.0,0.0,64.0,36.0
13981771,2025-08-03,Radomiak Radom,Raków Częstochowa,3,1,home,2.0,48.0,49.0,97,48.0,0.0,49.0,49.5,0.0,50.5
13981762,2025-08-03,Legia Warszawa,MZKS Arka Gdynia,0,0,,,,,96,0.0,0.0,96.0,0.0,0.0,100.0
15028170,2025-12-14,Motor Lublin,Jagiellonia Białystok,1,1,away,1.0,39.0,39.0,99,0.0,5.0,94.0,0.0,5.1,94.9
13981776,2025-08-08,MKS Korona Kielce,Radomiak Radom,3,0,home,1.0,19.0,19.0,100,81.0,0.0,19.0,81.0,0.0,19.0
13981774,2025-08-08,Górnik Zabrze,Bruk-Bet Termalica Nieciecza,0,1,away,1.0,38.0,38.0,96,0.0,58.0,38.0,0.0,60.4,39.6
13981764,2025-08-09,MZKS Arka Gdynia,Pogoń Szczecin,2,1,away,1.0,38.0,38.0,96,14.0,8.0,74.0,14.6,8.3,77.1
13981779,2025-08-09,Widzew Łódź,Wisła Płock,1,1,away,1.0,36.0,36.0,105,0.0,5.0,100.0,0.0,4.8,95.2
13981777,2025-08-10,Jagiellonia Białystok,Cracovia,5,2,away,1.0,15.0,15.0,94,20.0,40.0,34.0,21.3,42.6,36.2
13981768,2025-08-10,Legia Warszawa,GKS Katowice,3,1,home,1.0,43.0,43.0,99,45.0,0.0,54.0,45.5,0.0,54.5
13981773,2025-08-11,KS Lechia Gdańsk,Motor Lublin,3,3,home,1.0,3.0,3.0,95,35.0,31.0,29.0,36.8,32.6,30.5
15028166,2025-12-14,Raków Częstochowa,Zagłębie Lubin,0,1,away,2.0,81.0,86.0,101,0.0,15.0,86.0,0.0,14.9,85.1
15224906,2026-02-03,Piast Gliwice,Lech Poznań,1,0,home,2.0,83.0,88.0,99,11.0,0.0,88.0,11.1,0.0,88.9
13981786,2025-08-15,Zagłębie Lubin,KS Lechia Gdańsk,6,2,home,1.0,10.0,10.0,96,80.0,0.0,16.0,83.3,0.0,16.7
13981788,2025-08-15,Cracovia,Widzew Łódź,1,0,home,2.0,69.0,71.0,96,25.0,0.0,71.0,26.0,0.0,74.0
13981782,2025-08-16,Motor Lublin,Piast Gliwice,0,0,,,,,99,0.0,0.0,99.0,0.0,0.0,100.0
13981784,2025-08-16,GKS Katowice,MZKS Arka Gdynia,4,1,home,1.0,9.0,9.0,97,88.0,0.0,9.0,90.7,0.0,9.3
13981789,2025-08-16,Lech Poznań,MKS Korona Kielce,1,1,away,2.0,64.0,65.0,95,0.0,19.0,76.0,0.0,20.0,80.0
13981783,2025-08-17,Pogoń Szczecin,Górnik Zabrze,0,3,away,2.0,59.0,61.0,96,0.0,35.0,61.0,0.0,36.5,63.5
13981785,2025-08-17,Radomiak Radom,Jagiellonia Białystok,1,2,home,1.0,32.0,32.0,95,11.0,44.0,40.0,11.6,46.3,42.1
13981781,2025-08-17,Bruk-Bet Termalica Nieciecza,Raków Częstochowa,2,3,home,1.0,3.0,3.0,96,11.0,26.0,59.0,11.5,27.1,61.5
13981780,2025-08-17,Wisła Płock,Legia Warszawa,1,0,home,1.0,11.0,11.0,98,87.0,0.0,11.0,88.8,0.0,11.2
13981797,2025-08-22,Radomiak Radom,Bruk-Bet Termalica Nieciecza,1,1,away,1.0,3.0,3.0,93,0.0,3.0,90.0,0.0,3.2,96.8
13981796,2025-08-22,Widzew Łódź,Pogoń Szczecin,1,2,home,1.0,21.0,21.0,103,25.0,14.0,64.0,24.3,13.6,62.1
13981793,2025-08-23,MKS Korona Kielce,Motor Lublin,2,0,home,2.0,50.0,52.0,96,44.0,0.0,52.0,45.8,0.0,54.2
13981792,2025-08-23,Górnik Zabrze,GKS Katowice,3,0,home,1.0,40.0,40.0,94,54.0,0.0,40.0,57.4,0.0,42.6
13981795,2025-08-24,Piast Gliwice,Cracovia,0,0,,,,,93,0.0,0.0,93.0,0.0,0.0,100.0
13981791,2025-08-24,KS Lechia Gdańsk,MZKS Arka Gdynia,1,0,home,2.0,85.0,87.0,96,9.0,0.0,87.0,9.4,0.0,90.6
13981787,2025-08-25,Wisła Płock,Zagłębie Lubin,2,1,away,1.0,20.0,20.0,95,1.0,39.0,55.0,1.1,41.1,57.9
14570884,2025-09-24,Raków Częstochowa,Lech Poznań,2,2,away,1.0,29.0,29.0,106,0.0,48.0,58.0,0.0,45.3,54.7
14682952,2025-09-24,Legia Warszawa,Jagiellonia Białystok,0,0,,,,,97,0.0,0.0,97.0,0.0,0.0,100.0
13981800,2025-08-29,MZKS Arka Gdynia,Wisła Płock,1,0,home,2.0,48.0,49.0,96,47.0,0.0,49.0,49.0,0.0,51.0
13981803,2025-08-29,GKS Katowice,Radomiak Radom,3,2,away,1.0,14.0,14.0,100,29.0,11.0,60.0,29.0,11.0,60.0
13981798,2025-08-30,Bruk-Bet Termalica Nieciecza,MKS Korona Kielce,1,3,home,1.0,8.0,8.0,96,41.0,42.0,13.0,42.7,43.8,13.5
13981807,2025-08-30,Zagłębie Lubin,Piast Gliwice,2,2,away,1.0,18.0,18.0,99,0.0,68.0,31.0,0.0,68.7,31.3
13981799,2025-08-30,Górnik Zabrze,Motor Lublin,0,1,away,2.0,58.0,58.0,97,0.0,39.0,58.0,0.0,40.2,59.8
13981805,2025-08-31,Jagiellonia Białystok,KS Lechia Gdańsk,2,0,home,1.0,27.0,27.0,98,71.0,0.0,27.0,72.4,0.0,27.6
13981809,2025-08-31,Lech Poznań,Widzew Łódź,2,1,home,1.0,21.0,21.0,96,61.0,0.0,35.0,63.5,0.0,36.5
13981802,2025-08-31,Cracovia,Legia Warszawa,2,1,home,1.0,24.0,24.0,94,50.0,0.0,44.0,53.2,0.0,46.8
13981801,2025-08-31,Pogoń Szczecin,Raków Częstochowa,2,0,home,2.0,57.0,60.0,99,39.0,0.0,60.0,39.4,0.0,60.6
13981806,2025-09-12,KS Lechia Gdańsk,GKS Katowice,2,0,home,1.0,19.0,19.0,109,90.0,0.0,19.0,82.6,0.0,17.4
13981811,2025-09-12,Lech Poznań,Zagłębie Lubin,1,2,away,1.0,7.0,7.0,103,0.0,36.0,67.0,0.0,35.0,65.0
13981816,2025-09-13,MKS Korona Kielce,Pogoń Szczecin,1,0,home,1.0,38.0,38.0,98,60.0,0.0,38.0,61.2,0.0,38.8
13981814,2025-09-13,Piast Gliwice,Jagiellonia Białystok,1,1,away,2.0,61.0,64.0,100,0.0,32.0,68.0,0.0,32.0,68.0
13981810,2025-09-14,Motor Lublin,Bruk-Bet Termalica Nieciecza,1,1,home,1.0,5.0,5.0,96,59.0,0.0,37.0,61.5,0.0,38.5
13981808,2025-09-14,Legia Warszawa,Radomiak Radom,4,1,home,1.0,41.0,41.0,97,56.0,0.0,41.0,57.7,0.0,42.3
13981818,2025-09-14,Widzew Łódź,MZKS Arka Gdynia,2,0,home,1.0,9.0,9.0,94,85.0,0.0,9.0,90.4,0.0,9.6
14457539,2025-09-15,Raków Częstochowa,Górnik Zabrze,0,1,away,1.0,14.0,14.0,100,0.0,86.0,14.0,0.0,86.0,14.0
15161024,2025-12-04,Wisła Płock,Cracovia,0,0,,,,,93,0.0,0.0,93.0,0.0,0.0,100.0
13981822,2025-09-19,GKS Katowice,Cracovia,0,3,away,1.0,33.0,33.0,92,0.0,59.0,33.0,0.0,64.1,35.9
13981970,2025-09-19,Wisła Płock,Jagiellonia Białystok,0,1,away,2.0,82.0,82.0,96,0.0,14.0,82.0,0.0,14.6,85.4
13981820,2025-09-20,Radomiak Radom,Piast Gliwice,1,0,home,2.0,47.0,49.0,95,46.0,0.0,49.0,48.4,0.0,51.6
13981817,2025-09-20,MZKS Arka Gdynia,MKS Korona Kielce,0,0,,,,,97,0.0,0.0,97.0,0.0,0.0,100.0
13981813,2025-09-20,Bruk-Bet Termalica Nieciecza,Lech Poznań,0,2,away,1.0,45.0,45.0,97,0.0,52.0,45.0,0.0,53.6,46.4
13981823,2025-09-20,Raków Częstochowa,Legia Warszawa,1,1,away,1.0,41.0,41.0,101,0.0,11.0,90.0,0.0,10.9,89.1
13981815,2025-09-21,Zagłębie Lubin,Motor Lublin,2,2,home,1.0,6.0,6.0,98,47.0,33.0,18.0,48.0,33.7,18.4
13981821,2025-09-21,Pogoń Szczecin,KS Lechia Gdańsk,3,4,home,1.0,24.0,24.0,102,21.0,23.0,58.0,20.6,22.5,56.9
13981819,2025-09-21,Górnik Zabrze,Widzew Łódź,3,2,home,1.0,15.0,15.0,98,49.0,0.0,49.0,50.0,0.0,50.0
13981825,2025-09-26,Wisła Płock,GKS Katowice,1,1,home,1.0,45.0,45.0,94,9.0,0.0,85.0,9.6,0.0,90.4
13981829,2025-09-27,MKS Korona Kielce,KS Lechia Gdańsk,3,0,home,1.0,16.0,16.0,91,75.0,0.0,16.0,82.4,0.0,17.6
13981833,2025-09-27,Piast Gliwice,Bruk-Bet Termalica Nieciecza,4,2,away,1.0,9.0,9.0,99,37.0,44.0,18.0,37.4,44.4,18.2
13981831,2025-09-27,Cracovia,Górnik Zabrze,1,1,away,2.0,72.0,72.0,94,0.0,17.0,77.0,0.0,18.1,81.9
13981832,2025-09-28,Widzew Łódź,Raków Częstochowa,0,1,away,2.0,90.0,96.0,99,0.0,3.0,96.0,0.0,3.0,97.0
13981830,2025-09-28,Lech Poznań,Jagiellonia Białystok,2,2,away,1.0,45.0,48.0,98,0.0,13.0,85.0,0.0,13.3,86.7
13981826,2025-09-28,Legia Warszawa,Pogoń Szczecin,1,0,home,1.0,4.0,4.0,97,93.0,0.0,4.0,95.9,0.0,4.1
13981827,2025-09-29,Zagłębie Lubin,MZKS Arka Gdynia,4,0,home,1.0,3.0,3.0,92,89.0,0.0,3.0,96.7,0.0,3.3
13981828,2025-09-29,Motor Lublin,Radomiak Radom,2,2,away,1.0,42.0,42.0,98,8.0,18.0,72.0,8.2,18.4,73.5
13981835,2025-10-03,KS Lechia Gdańsk,Wisła Płock,1,1,home,1.0,29.0,29.0,94,21.0,0.0,73.0,22.3,0.0,77.7
13981844,2025-10-03,Pogoń Szczecin,Piast Gliwice,2,1,home,1.0,40.0,40.0,96,9.0,0.0,87.0,9.4,0.0,90.6
13981836,2025-10-04,Bruk-Bet Termalica Nieciecza,Widzew Łódź,2,4,home,1.0,20.0,20.0,96,9.0,39.0,48.0,9.4,40.6,50.0
13981838,2025-10-04,Radomiak Radom,Zagłębie Lubin,3,1,home,1.0,13.0,13.0,99,86.0,0.0,13.0,86.9,0.0,13.1
13981834,2025-10-04,MZKS Arka Gdynia,Cracovia,2,1,home,1.0,12.0,12.0,100,82.0,0.0,18.0,82.0,0.0,18.0
13981841,2025-10-05,Jagiellonia Białystok,MKS Korona Kielce,3,1,home,1.0,45.0,45.0,95,50.0,0.0,45.0,52.6,0.0,47.4
13981839,2025-10-05,Raków Częstochowa,Motor Lublin,2,0,home,1.0,45.0,46.0,98,52.0,0.0,46.0,53.1,0.0,46.9
13981843,2025-10-05,GKS Katowice,Lech Poznań,0,1,away,1.0,45.0,45.0,107,0.0,62.0,45.0,0.0,57.9,42.1
13981837,2025-10-05,Górnik Zabrze,Legia Warszawa,3,1,home,1.0,22.0,22.0,99,77.0,0.0,22.0,77.8,0.0,22.2
13981842,2025-10-17,Motor Lublin,GKS Katowice,2,5,away,1.0,9.0,9.0,93,0.0,72.0,21.0,0.0,77.4,22.6
13981853,2025-10-17,Widzew Łódź,Radomiak Radom,3,2,home,1.0,7.0,7.0,102,95.0,0.0,7.0,93.1,0.0,6.9
13981845,2025-10-18,MKS Korona Kielce,Górnik Zabrze,1,1,home,1.0,45.0,45.0,101,55.0,0.0,46.0,54.5,0.0,45.5
13981850,2025-10-18,Jagiellonia Białystok,MZKS Arka Gdynia,4,0,home,1.0,16.0,16.0,92,76.0,0.0,16.0,82.6,0.0,17.4
13981847,2025-10-18,Cracovia,Raków Częstochowa,2,0,home,1.0,33.0,33.0,94,61.0,0.0,33.0,64.9,0.0,35.1
14715700,2025-10-19,Piast Gliwice,KS Lechia Gdańsk,1,2,away,1.0,41.0,41.0,98,0.0,12.0,86.0,0.0,12.2,87.8
13981849,2025-10-19,Lech Poznań,Pogoń Szczecin,2,2,away,1.0,15.0,15.0,97,2.0,38.0,57.0,2.1,39.2,58.8
13981846,2025-10-19,Zagłębie Lubin,Legia Warszawa,3,1,home,1.0,32.0,32.0,102,70.0,0.0,32.0,68.6,0.0,31.4
13981840,2025-10-20,Wisła Płock,Bruk-Bet Termalica Nieciecza,3,1,home,1.0,29.0,29.0,94,65.0,0.0,29.0,69.1,0.0,30.9
13981854,2025-10-24,Bruk-Bet Termalica Nieciecza,Zagłębie Lubin,1,1,away,2.0,49.0,50.0,96,0.0,10.0,86.0,0.0,10.4,89.6
13981857,2025-10-24,Motor Lublin,Widzew Łódź,3,0,home,1.0,41.0,41.0,100,59.0,0.0,41.0,59.0,0.0,41.0
13981852,2025-10-25,MZKS Arka Gdynia,Piast Gliwice,2,1,home,1.0,1.0,1.0,100,99.0,0.0,1.0,99.0,0.0,1.0
13981856,2025-10-25,Pogoń Szczecin,Cracovia,2,1,away,1.0,29.0,29.0,95,5.0,33.0,57.0,5.3,34.7,60.0
13981858,2025-10-25,GKS Katowice,MKS Korona Kielce,1,0,home,2.0,76.0,81.0,101,20.0,0.0,81.0,19.8,0.0,80.2
13981860,2025-10-26,Raków Częstochowa,KS Lechia Gdańsk,2,1,home,1.0,30.0,30.0,95,18.0,0.0,77.0,18.9,0.0,81.1
13981855,2025-10-26,Górnik Zabrze,Jagiellonia Białystok,2,1,away,1.0,10.0,10.0,97,10.0,5.0,82.0,10.3,5.2,84.5
13981848,2025-10-26,Legia Warszawa,Lech Poznań,0,0,,,,,93,0.0,0.0,93.0,0.0,0.0,100.0
14912737,2025-10-27,Radomiak Radom,Wisła Płock,1,1,home,1.0,28.0,28.0,96,6.0,0.0,90.0,6.2,0.0,93.8
13981864,2025-10-31,Bruk-Bet Termalica Nieciecza,GKS Katowice,0,3,away,1.0,13.0,13.0,97,0.0,84.0,13.0,0.0,86.6,13.4
13981872,2025-10-31,Piast Gliwice,MKS Korona Kielce,0,0,,,,,98,0.0,0.0,98.0,0.0,0.0,100.0
13981863,2025-11-02,Górnik Zabrze,MZKS Arka Gdynia,5,1,home,1.0,13.0,13.0,91,74.0,0.0,17.0,81.3,0.0,18.7
13981866,2025-11-02,Lech Poznań,Motor Lublin,2,2,away,1.0,9.0,9.0,98,0.0,37.0,61.0,0.0,37.8,62.2
13981867,2025-11-02,Jagiellonia Białystok,Raków Częstochowa,1,2,away,1.0,31.0,31.0,115,0.0,84.0,31.0,0.0,73.0,27.0
13981869,2025-11-02,Widzew Łódź,Legia Warszawa,1,1,home,2.0,66.0,71.0,101,19.0,0.0,82.0,18.8,0.0,81.2
13981862,2025-11-03,KS Lechia Gdańsk,Radomiak Radom,1,2,away,1.0,35.0,35.0,98,0.0,63.0,35.0,0.0,64.3,35.7
13981861,2025-11-03,Wisła Płock,Pogoń Szczecin,2,0,home,1.0,22.0,22.0,101,79.0,0.0,22.0,78.2,0.0,21.8
13981865,2025-11-03,Cracovia,Zagłębie Lubin,0,0,,,,,97,0.0,0.0,97.0,0.0,0.0,100.0
13981875,2025-11-07,Radomiak Radom,Cracovia,3,0,home,2.0,48.0,49.0,95,46.0,0.0,49.0,48.4,0.0,51.6
13981874,2025-11-07,Zagłębie Lubin,Górnik Zabrze,2,0,home,1.0,13.0,13.0,96,83.0,0.0,13.0,86.5,0.0,13.5
13981870,2025-11-08,KS Lechia Gdańsk,Widzew Łódź,2,1,away,2.0,50.0,50.0,104,8.0,9.0,87.0,7.7,8.7,83.7
13981871,2025-11-08,Motor Lublin,Wisła Płock,1,1,home,1.0,4.0,4.0,100,79.0,0.0,21.0,79.0,0.0,21.0
13981879,2025-11-08,GKS Katowice,Piast Gliwice,1,3,away,1.0,22.0,22.0,99,0.0,77.0,22.0,0.0,77.8,22.2
13981868,2025-11-09,Legia Warszawa,Bruk-Bet Termalica Nieciecza,1,2,away,1.0,23.0,23.0,95,0.0,51.0,44.0,0.0,53.7,46.3
13981877,2025-11-09,MKS Korona Kielce,Raków Częstochowa,1,4,away,1.0,5.0,5.0,101,0.0,96.0,5.0,0.0,95.0,5.0
13981876,2025-11-09,Pogoń Szczecin,Jagiellonia Białystok,1,2,away,1.0,13.0,13.0,95,0.0,15.0,80.0,0.0,15.8,84.2
13981873,2025-11-09,MZKS Arka Gdynia,Lech Poznań,3,1,away,1.0,15.0,15.0,93,21.0,49.0,23.0,22.6,52.7,24.7
13981878,2025-11-21,Bruk-Bet Termalica Nieciecza,MZKS Arka Gdynia,2,0,home,1.0,14.0,14.0,95,81.0,0.0,14.0,85.3,0.0,14.7
13981881,2025-11-21,Górnik Zabrze,Wisła Płock,1,1,away,2.0,62.0,63.0,94,0.0,16.0,78.0,0.0,17.0,83.0
13981883,2025-11-22,Cracovia,Motor Lublin,1,2,away,2.0,48.0,48.0,93,0.0,29.0,64.0,0.0,31.2,68.8
13981889,2025-11-22,Raków Częstochowa,Piast Gliwice,1,3,away,1.0,31.0,31.0,97,0.0,66.0,31.0,0.0,68.0,32.0
13981880,2025-11-22,Legia Warszawa,KS Lechia Gdańsk,2,2,away,1.0,42.0,42.0,96,0.0,29.0,67.0,0.0,30.2,69.8
13981885,2025-11-23,Lech Poznań,Radomiak Radom,4,1,home,1.0,45.0,45.0,98,53.0,0.0,45.0,54.1,0.0,45.9
13981886,2025-11-23,Widzew Łódź,MKS Korona Kielce,1,3,away,1.0,17.0,17.0,96,0.0,79.0,17.0,0.0,82.3,17.7
13981882,2025-11-24,Pogoń Szczecin,Zagłębie Lubin,5,1,home,1.0,3.0,3.0,100,97.0,0.0,3.0,97.0,0.0,3.0
15645068,2026-03-17,Jagiellonia Białystok,GKS Katowice,2,1,home,1.0,11.0,11.0,97,86.0,0.0,11.0,88.7,0.0,11.3
13981895,2025-11-28,Piast Gliwice,Widzew Łódź,0,2,away,1.0,22.0,22.0,96,0.0,74.0,22.0,0.0,77.1,22.9
13981898,2025-11-28,Radomiak Radom,Górnik Zabrze,4,0,home,1.0,4.0,4.0,91,87.0,0.0,4.0,95.6,0.0,4.4
13981893,2025-11-29,KS Lechia Gdańsk,Bruk-Bet Termalica Nieciecza,5,1,home,1.0,16.0,16.0,91,68.0,0.0,23.0,74.7,0.0,25.3
13981894,2025-11-29,MKS Korona Kielce,Cracovia,0,1,away,2.0,55.0,58.0,96,0.0,38.0,58.0,0.0,39.6,60.4
13981896,2025-11-29,GKS Katowice,Pogoń Szczecin,2,0,home,1.0,7.0,7.0,96,89.0,0.0,7.0,92.7,0.0,7.3
13981888,2025-11-30,MZKS Arka Gdynia,Raków Częstochowa,1,4,away,1.0,10.0,10.0,92,0.0,82.0,10.0,0.0,89.1,10.9
13981892,2025-11-30,Zagłębie Lubin,Jagiellonia Białystok,0,0,,,,,95,0.0,0.0,95.0,0.0,0.0,100.0
13981891,2025-11-30,Wisła Płock,Lech Poznań,0,0,,,,,97,0.0,0.0,97.0,0.0,0.0,100.0
13981890,2025-12-01,Motor Lublin,Legia Warszawa,1,1,home,1.0,11.0,11.0,96,14.0,0.0,82.0,14.6,0.0,85.4
13981897,2025-12-05,KS Lechia Gdańsk,Górnik Zabrze,5,2,home,1.0,7.0,7.0,110,89.0,0.0,21.0,80.9,0.0,19.1
13981900,2025-12-06,MZKS Arka Gdynia,Motor Lublin,1,0,home,2.0,82.0,85.0,96,11.0,0.0,85.0,11.5,0.0,88.5
13981904,2025-12-06,Pogoń Szczecin,Radomiak Radom,2,2,home,1.0,37.0,37.0,95,41.0,0.0,54.0,43.2,0.0,56.8
13981906,2025-12-06,Zagłębie Lubin,Widzew Łódź,2,1,away,1.0,45.0,50.0,101,1.0,41.0,59.0,1.0,40.6,58.4
13981903,2025-12-06,Piast Gliwice,Legia Warszawa,2,0,home,2.0,85.0,86.0,98,12.0,0.0,86.0,12.2,0.0,87.8
13981902,2025-12-07,Bruk-Bet Termalica Nieciecza,Jagiellonia Białystok,2,1,home,1.0,25.0,25.0,95,32.0,0.0,63.0,33.7,0.0,66.3
13981905,2025-12-07,Cracovia,Lech Poznań,2,2,away,1.0,17.0,17.0,97,2.0,27.0,68.0,2.1,27.8,70.1
13981899,2025-12-07,Raków Częstochowa,GKS Katowice,1,0,home,2.0,67.0,68.0,94,26.0,0.0,68.0,27.7,0.0,72.3
13981901,2025-12-08,MKS Korona Kielce,Wisła Płock,1,1,away,1.0,13.0,13.0,97,0.0,73.0,24.0,0.0,75.3,24.7
13981913,2026-01-30,Zagłębie Lubin,GKS Katowice,0,2,away,1.0,2.0,2.0,97,0.0,95.0,2.0,0.0,97.9,2.1
13981910,2026-01-31,Górnik Zabrze,Piast Gliwice,2,1,away,1.0,25.0,25.0,98,44.0,16.0,38.0,44.9,16.3,38.8
13981916,2026-01-31,Widzew Łódź,Jagiellonia Białystok,1,3,away,1.0,36.0,36.0,97,0.0,61.0,36.0,0.0,62.9,37.1
13981914,2026-01-31,Lech Poznań,KS Lechia Gdańsk,1,3,away,1.0,2.0,2.0,94,0.0,71.0,23.0,0.0,75.5,24.5
13981911,2026-02-01,Motor Lublin,Pogoń Szczecin,2,1,home,1.0,3.0,3.0,100,97.0,0.0,3.0,97.0,0.0,3.0
13981907,2026-02-01,Wisła Płock,Raków Częstochowa,2,1,home,1.0,15.0,15.0,100,85.0,0.0,15.0,85.0,0.0,15.0
13981909,2026-02-01,Legia Warszawa,MKS Korona Kielce,1,2,away,1.0,23.0,23.0,94,0.0,57.0,37.0,0.0,60.6,39.4
13981908,2026-02-02,Bruk-Bet Termalica Nieciecza,Cracovia,0,1,away,2.0,54.0,55.0,94,0.0,39.0,55.0,0.0,41.5,58.5
15615380,2026-03-05,Radomiak Radom,MZKS Arka Gdynia,3,1,home,1.0,6.0,6.0,96,90.0,0.0,6.0,93.8,0.0,6.2
13981920,2026-02-06,MKS Korona Kielce,Zagłębie Lubin,1,2,home,1.0,18.0,18.0,96,67.0,9.0,20.0,69.8,9.4,20.8
13981917,2026-02-06,KS Lechia Gdańsk,Cracovia,1,1,home,1.0,20.0,20.0,97,44.0,0.0,53.0,45.4,0.0,54.6
13981915,2026-02-07,MZKS Arka Gdynia,Legia Warszawa,2,2,home,1.0,26.0,26.0,98,69.0,0.0,29.0,70.4,0.0,29.6
13981926,2026-02-07,Jagiellonia Białystok,Motor Lublin,4,1,home,1.0,13.0,13.0,95,39.0,0.0,56.0,41.1,0.0,58.9
13981918,2026-02-07,Górnik Zabrze,Lech Poznań,0,1,away,1.0,10.0,10.0,94,0.0,84.0,10.0,0.0,89.4,10.6
13981919,2026-02-08,Pogoń Szczecin,Bruk-Bet Termalica Nieciecza,1,1,home,1.0,37.0,37.0,97,48.0,0.0,49.0,49.5,0.0,50.5
13981928,2026-02-08,Raków Częstochowa,Radomiak Radom,0,0,,,,,95,0.0,0.0,95.0,0.0,0.0,100.0
13981921,2026-02-08,GKS Katowice,Widzew Łódź,1,0,home,1.0,45.0,45.0,97,52.0,0.0,45.0,53.6,0.0,46.4
13981922,2026-02-09,Piast Gliwice,Wisła Płock,1,0,home,2.0,70.0,71.0,95,24.0,0.0,71.0,25.3,0.0,74.7
13981930,2026-02-13,Radomiak Radom,MKS Korona Kielce,0,2,away,1.0,8.0,8.0,103,0.0,95.0,8.0,0.0,92.2,7.8
13981935,2026-02-13,GKS Katowice,Legia Warszawa,1,1,away,1.0,26.0,26.0,99,0.0,22.0,77.0,0.0,22.2,77.8
13981933,2026-02-14,Cracovia,Jagiellonia Białystok,0,0,,,,,93,0.0,0.0,93.0,0.0,0.0,100.0
13981929,2026-02-14,Zagłębie Lubin,Raków Częstochowa,0,0,,,,,96,0.0,0.0,96.0,0.0,0.0,100.0
13981924,2026-02-14,Wisła Płock,Widzew Łódź,0,2,away,1.0,38.0,38.0,101,0.0,63.0,38.0,0.0,62.4,37.6
13981925,2026-02-15,Motor Lublin,KS Lechia Gdańsk,2,3,home,1.0,12.0,12.0,95,4.0,32.0,59.0,4.2,33.7,62.1
13981927,2026-02-15,Pogoń Szczecin,MZKS Arka Gdynia,1,0,home,1.0,5.0,5.0,96,91.0,0.0,5.0,94.8,0.0,5.2
13981931,2026-02-15,Lech Poznań,Piast Gliwice,3,0,home,1.0,10.0,10.0,94,84.0,0.0,10.0,89.4,0.0,10.6
13981923,2026-02-16,Bruk-Bet Termalica Nieciecza,Górnik Zabrze,1,1,home,1.0,2.0,2.0,99,38.0,0.0,61.0,38.4,0.0,61.6
13981942,2026-02-20,Piast Gliwice,Motor Lublin,1,2,away,1.0,3.0,3.0,98,0.0,95.0,3.0,0.0,96.9,3.1
13981941,2026-02-20,Widzew Łódź,Cracovia,0,0,,,,,100,0.0,0.0,100.0,0.0,0.0,100.0
13981940,2026-02-21,Raków Częstochowa,Bruk-Bet Termalica Nieciecza,1,0,home,1.0,42.0,42.0,95,53.0,0.0,42.0,55.8,0.0,44.2
13981934,2026-02-21,Górnik Zabrze,Pogoń Szczecin,0,1,away,2.0,90.0,92.0,99,0.0,7.0,92.0,0.0,7.1,92.9
13981932,2026-02-21,Legia Warszawa,Wisła Płock,2,1,home,1.0,23.0,23.0,96,63.0,0.0,33.0,65.6,0.0,34.4
13981937,2026-02-22,MZKS Arka Gdynia,GKS Katowice,2,1,away,1.0,1.0,1.0,97,53.0,31.0,13.0,54.6,32.0,13.4
13981939,2026-02-22,Jagiellonia Białystok,Radomiak Radom,1,1,away,2.0,55.0,57.0,99,0.0,9.0,90.0,0.0,9.1,90.9
13981938,2026-02-22,MKS Korona Kielce,Lech Poznań,1,2,away,1.0,30.0,30.0,99,0.0,69.0,30.0,0.0,69.7,30.3
13981936,2026-02-23,KS Lechia Gdańsk,Zagłębie Lubin,0,2,away,1.0,3.0,3.0,101,0.0,98.0,3.0,0.0,97.0,3.0
13981948,2026-02-27,Cracovia,Piast Gliwice,2,3,home,1.0,39.0,39.0,104,32.0,6.0,66.0,30.8,5.8,63.5
13981943,2026-02-27,MZKS Arka Gdynia,KS Lechia Gdańsk,2,2,home,1.0,6.0,6.0,104,61.0,0.0,43.0,58.7,0.0,41.3
13981947,2026-02-28,Pogoń Szczecin,Widzew Łódź,1,0,home,2.0,58.0,58.0,96,38.0,0.0,58.0,39.6,0.0,60.4
13981946,2026-02-28,Motor Lublin,MKS Korona Kielce,2,0,home,1.0,18.0,18.0,96,78.0,0.0,18.0,81.2,0.0,18.8
13981949,2026-02-28,GKS Katowice,Górnik Zabrze,3,1,home,1.0,23.0,23.0,100,34.0,0.0,66.0,34.0,0.0,66.0
13981945,2026-03-01,Bruk-Bet Termalica Nieciecza,Radomiak Radom,1,1,home,2.0,65.0,66.0,94,3.0,0.0,91.0,3.2,0.0,96.8
13981955,2026-03-01,Jagiellonia Białystok,Legia Warszawa,2,2,home,1.0,17.0,17.0,97,42.0,0.0,55.0,43.3,0.0,56.7
13981954,2026-03-01,Lech Poznań,Raków Częstochowa,4,3,away,1.0,8.0,8.0,98,23.0,19.0,56.0,23.5,19.4,57.1
13981944,2026-03-02,Zagłębie Lubin,Wisła Płock,2,0,home,1.0,14.0,14.0,96,82.0,0.0,14.0,85.4,0.0,14.6
13981958,2026-03-06,KS Lechia Gdańsk,Jagiellonia Białystok,3,0,home,1.0,43.0,43.0,96,53.0,0.0,43.0,55.2,0.0,44.8
13981957,2026-03-07,MKS Korona Kielce,Bruk-Bet Termalica Nieciecza,2,1,home,1.0,43.0,43.0,102,59.0,0.0,43.0,57.8,0.0,42.2
13981959,2026-03-07,Piast Gliwice,Zagłębie Lubin,1,3,home,1.0,22.0,22.0,94,5.0,25.0,64.0,5.3,26.6,68.1
13981960,2026-03-07,Widzew Łódź,Lech Poznań,2,1,away,1.0,28.0,28.0,95,43.0,6.0,46.0,45.3,6.3,48.4
13981952,2026-03-08,Motor Lublin,Górnik Zabrze,0,0,,,,,97,0.0,0.0,97.0,0.0,0.0,100.0
13981953,2026-03-08,Radomiak Radom,GKS Katowice,0,1,away,1.0,45.0,45.0,99,0.0,54.0,45.0,0.0,54.5,45.5
13981956,2026-03-08,Raków Częstochowa,Pogoń Szczecin,2,0,home,1.0,10.0,10.0,95,85.0,0.0,10.0,89.5,0.0,10.5
13981951,2026-03-08,Legia Warszawa,Cracovia,1,0,home,1.0,31.0,31.0,93,62.0,0.0,31.0,66.7,0.0,33.3
13981950,2026-03-09,Wisła Płock,MZKS Arka Gdynia,0,3,away,2.0,50.0,53.0,98,0.0,45.0,53.0,0.0,45.9,54.1
13981961,2026-03-13,Bruk-Bet Termalica Nieciecza,Motor Lublin,1,2,home,1.0,17.0,17.0,100,13.0,64.0,23.0,13.0,64.0,23.0
13981964,2026-03-13,Radomiak Radom,Legia Warszawa,1,1,home,1.0,2.0,2.0,97,5.0,0.0,92.0,5.2,0.0,94.8
13981968,2026-03-14,Jagiellonia Białystok,Piast Gliwice,1,2,away,1.0,21.0,21.0,97,0.0,76.0,21.0,0.0,78.4,21.6
13981969,2026-03-14,GKS Katowice,KS Lechia Gdańsk,2,0,home,1.0,39.0,39.0,93,54.0,0.0,39.0,58.1,0.0,41.9
13981967,2026-03-14,Cracovia,Wisła Płock,1,2,away,2.0,51.0,52.0,98,0.0,36.0,62.0,0.0,36.7,63.3
13981962,2026-03-15,MZKS Arka Gdynia,Widzew Łódź,0,0,,,,,95,0.0,0.0,95.0,0.0,0.0,100.0
13981963,2026-03-15,Zagłębie Lubin,Lech Poznań,0,1,away,1.0,7.0,7.0,98,0.0,91.0,7.0,0.0,92.9,7.1
13981966,2026-03-15,Górnik Zabrze,Raków Częstochowa,3,1,home,1.0,23.0,23.0,95,72.0,0.0,23.0,75.8,0.0,24.2
13981965,2026-03-16,Pogoń Szczecin,MKS Korona Kielce,2,1,away,1.0,24.0,24.0,97,1.0,44.0,52.0,1.0,45.4,53.6
13981976,2026-03-20,Piast Gliwice,Radomiak Radom,3,1,home,1.0,7.0,7.0,96,87.0,0.0,9.0,90.6,0.0,9.4
13981973,2026-03-20,Motor Lublin,Zagłębie Lubin,1,0,home,2.0,52.0,54.0,95,41.0,0.0,54.0,43.2,0.0,56.8
13981979,2026-03-21,Cracovia,GKS Katowice,1,0,home,2.0,80.0,82.0,99,17.0,0.0,82.0,17.2,0.0,82.8
13981972,2026-03-21,KS Lechia Gdańsk,Pogoń Szczecin,2,1,home,1.0,11.0,11.0,93,65.0,0.0,28.0,69.9,0.0,30.1
14510058,2026-03-21,Jagiellonia Białystok,Wisła Płock,1,2,home,1.0,11.0,11.0,97,9.0,64.0,24.0,9.3,66.0,24.7
13981977,2026-03-22,MKS Korona Kielce,MZKS Arka Gdynia,3,0,home,1.0,22.0,22.0,94,72.0,0.0,22.0,76.6,0.0,23.4
13981975,2026-03-22,Lech Poznań,Bruk-Bet Termalica Nieciecza,4,1,home,1.0,33.0,33.0,94,61.0,0.0,33.0,64.9,0.0,35.1
13981980,2026-03-22,Widzew Łódź,Górnik Zabrze,0,0,,,,,94,0.0,0.0,94.0,0.0,0.0,100.0
13981971,2026-03-22,Legia Warszawa,Raków Częstochowa,1,1,away,1.0,6.0,6.0,99,0.0,70.0,29.0,0.0,70.7,29.3
13981982,2026-04-04,GKS Katowice,Wisła Płock,1,0,home,2.0,90.0,94.0,95,1.0,0.0,94.0,1.1,0.0,98.9
13981985,2026-04-04,Raków Częstochowa,Widzew Łódź,1,1,away,2.0,90.0,96.0,104,0.0,3.0,101.0,0.0,2.9,97.1
13981983,2026-04-04,Górnik Zabrze,Cracovia,3,0,home,1.0,11.0,11.0,92,81.0,0.0,11.0,88.0,0.0,12.0
13981987,2026-04-04,Jagiellonia Białystok,Lech Poznań,0,0,,,,,97,0.0,0.0,97.0,0.0,0.0,100.0
13981984,2026-04-06,Bruk-Bet Termalica Nieciecza,Piast Gliwice,3,2,home,1.0,15.0,15.0,99,84.0,0.0,15.0,84.8,0.0,15.2
13981981,2026-04-06,Radomiak Radom,Motor Lublin,1,1,away,1.0,21.0,21.0,94,0.0,27.0,67.0,0.0,28.7,71.3
13981986,2026-04-06,Pogoń Szczecin,Legia Warszawa,0,2,away,1.0,32.0,32.0,101,0.0,69.0,32.0,0.0,68.3,31.7
13981974,2026-04-06,KS Lechia Gdańsk,MKS Korona Kielce,4,2,home,1.0,19.0,19.0,100,81.0,0.0,19.0,81.0,0.0,19.0
13981978,2026-04-07,MZKS Arka Gdynia,Zagłębie Lubin,3,1,home,1.0,15.0,15.0,95,80.0,0.0,15.0,84.2,0.0,15.8
13981988,2026-04-10,Wisła Płock,KS Lechia Gdańsk,1,0,home,1.0,30.0,30.0,96,66.0,0.0,30.0,68.8,0.0,31.2
13981992,2026-04-10,MKS Korona Kielce,Jagiellonia Białystok,1,1,home,1.0,22.0,22.0,96,7.0,0.0,89.0,7.3,0.0,92.7
13981996,2026-04-11,Widzew Łódź,Bruk-Bet Termalica Nieciecza,1,0,home,2.0,89.0,90.0,98,8.0,0.0,90.0,8.2,0.0,91.8
13981998,2026-04-11,Zagłębie Lubin,Radomiak Radom,1,0,home,1.0,4.0,4.0,96,92.0,0.0,4.0,95.8,0.0,4.2
13981989,2026-04-11,Legia Warszawa,Górnik Zabrze,1,1,home,2.0,82.0,84.0,99,14.0,0.0,85.0,14.1,0.0,85.9
13981991,2026-04-12,Cracovia,MZKS Arka Gdynia,2,2,home,1.0,24.0,24.0,95,5.0,5.0,85.0,5.3,5.3,89.5
13981990,2026-04-12,Motor Lublin,Raków Częstochowa,1,1,home,2.0,67.0,70.0,97,25.0,0.0,72.0,25.8,0.0,74.2
13981993,2026-04-12,Lech Poznań,GKS Katowice,3,3,away,1.0,38.0,38.0,104,0.0,32.0,72.0,0.0,30.8,69.2
13982000,2026-04-13,Piast Gliwice,Pogoń Szczecin,0,2,away,1.0,22.0,22.0,104,0.0,82.0,22.0,0.0,78.8,21.2
13982004,2026-04-17,GKS Katowice,Motor Lublin,3,2,home,1.0,23.0,23.0,106,73.0,0.0,33.0,68.9,0.0,31.1
13981997,2026-04-17,Legia Warszawa,Zagłębie Lubin,1,0,home,1.0,29.0,29.0,99,70.0,0.0,29.0,70.7,0.0,29.3
13982003,2026-04-18,Radomiak Radom,Widzew Łódź,2,1,away,2.0,59.0,60.0,99,5.0,23.0,71.0,5.1,23.2,71.7
13982001,2026-04-18,Górnik Zabrze,MKS Korona Kielce,1,0,home,2.0,71.0,74.0,97,23.0,0.0,74.0,23.7,0.0,76.3
13982002,2026-04-18,Pogoń Szczecin,Lech Poznań,1,2,away,1.0,35.0,35.0,97,0.0,62.0,35.0,0.0,63.9,36.1
13981995,2026-04-19,Bruk-Bet Termalica Nieciecza,Wisła Płock,1,3,away,1.0,36.0,36.0,94,0.0,58.0,36.0,0.0,61.7,38.3
13982006,2026-04-19,Raków Częstochowa,Cracovia,4,1,home,1.0,39.0,39.0,97,58.0,0.0,39.0,59.8,0.0,40.2
13981994,2026-04-19,MZKS Arka Gdynia,Jagiellonia Białystok,0,3,away,1.0,9.0,9.0,94,0.0,85.0,9.0,0.0,90.4,9.6
13981999,2026-04-20,KS Lechia Gdańsk,Piast Gliwice,1,1,home,2.0,63.0,65.0,98,22.0,0.0,76.0,22.4,0.0,77.6
13982007,2026-04-24,Zagłębie Lubin,Bruk-Bet Termalica Nieciecza,1,2,home,1.0,20.0,20.0,96,40.0,2.0,54.0,41.7,2.1,56.2
13982014,2026-04-24,Jagiellonia Białystok,Górnik Zabrze,1,2,away,2.0,64.0,66.0,101,0.0,30.0,71.0,0.0,29.7,70.3
13982009,2026-04-25,MKS Korona Kielce,GKS Katowice,1,1,away,1.0,35.0,35.0,96,0.0,33.0,63.0,0.0,34.4,65.6
13982008,2026-04-25,KS Lechia Gdańsk,Raków Częstochowa,1,2,home,1.0,10.0,10.0,98,10.0,2.0,86.0,10.2,2.0,87.8
13982010,2026-04-25,Cracovia,Pogoń Szczecin,1,1,away,1.0,18.0,18.0,107,0.0,83.0,24.0,0.0,77.6,22.4
13982005,2026-04-26,Wisła Płock,Radomiak Radom,0,1,away,2.0,73.0,74.0,99,0.0,25.0,74.0,0.0,25.3,74.7
13982016,2026-04-26,Widzew Łódź,Motor Lublin,2,0,home,1.0,15.0,15.0,98,83.0,0.0,15.0,84.7,0.0,15.3
13982011,2026-04-26,Lech Poznań,Legia Warszawa,4,0,home,1.0,3.0,3.0,92,89.0,0.0,3.0,96.7,0.0,3.3
13982015,2026-04-27,Piast Gliwice,MZKS Arka Gdynia,4,1,home,1.0,10.0,10.0,96,86.0,0.0,10.0,89.6,0.0,10.4
13982022,2026-05-01,MKS Korona Kielce,Piast Gliwice,1,1,away,2.0,53.0,53.0,93,0.0,3.0,90.0,0.0,3.2,96.8
13982012,2026-05-01,Legia Warszawa,Widzew Łódź,1,0,home,2.0,90.0,101.0,103,2.0,0.0,101.0,1.9,0.0,98.1
13982017,2026-05-02,Motor Lublin,Lech Poznań,0,1,away,1.0,40.0,40.0,99,0.0,59.0,40.0,0.0,59.6,40.4
13982024,2026-05-03,GKS Katowice,Bruk-Bet Termalica Nieciecza,5,1,home,1.0,18.0,18.0,92,74.0,0.0,18.0,80.4,0.0,19.6
13982018,2026-05-03,Zagłębie Lubin,Cracovia,0,0,,,,,99,0.0,0.0,99.0,0.0,0.0,100.0
13982020,2026-05-03,Pogoń Szczecin,Wisła Płock,3,0,home,1.0,45.0,48.0,98,50.0,0.0,48.0,51.0,0.0,49.0
13982019,2026-05-04,Radomiak Radom,KS Lechia Gdańsk,3,1,home,1.0,26.0,26.0,102,76.0,0.0,26.0,74.5,0.0,25.5
13982013,2026-05-13,MZKS Arka Gdynia,Górnik Zabrze,0,0,,,,,95,0.0,0.0,95.0,0.0,0.0,100.0
13982021,2026-05-13,Raków Częstochowa,Jagiellonia Białystok,0,2,away,1.0,34.0,34.0,98,0.0,64.0,34.0,0.0,65.3,34.7
13982027,2026-05-08,Raków Częstochowa,MKS Korona Kielce,2,0,home,2.0,48.0,53.0,101,48.0,0.0,53.0,47.5,0.0,52.5
13982030,2026-05-08,Lech Poznań,MZKS Arka Gdynia,1,1,away,2.0,52.0,55.0,102,0.0,5.0,97.0,0.0,4.9,95.1
13982035,2026-05-09,Widzew Łódź,KS Lechia Gdańsk,3,1,home,1.0,10.0,10.0,97,87.0,0.0,10.0,89.7,0.0,10.3
13982026,2026-05-09,Jagiellonia Białystok,Pogoń Szczecin,3,2,home,1.0,11.0,11.0,95,76.0,0.0,19.0,80.0,0.0,20.0
13982031,2026-05-09,Górnik Zabrze,Zagłębie Lubin,0,2,away,2.0,63.0,69.0,100,0.0,31.0,69.0,0.0,31.0,69.0
13982029,2026-05-10,Piast Gliwice,GKS Katowice,0,0,,,,,101,0.0,0.0,101.0,0.0,0.0,100.0
13982023,2026-05-10,Wisła Płock,Motor Lublin,0,4,away,1.0,7.0,7.0,94,0.0,87.0,7.0,0.0,92.6,7.4
13982025,2026-05-10,Bruk-Bet Termalica Nieciecza,Legia Warszawa,0,1,away,1.0,19.0,19.0,97,0.0,78.0,19.0,0.0,80.4,19.6
13982028,2026-05-11,Cracovia,Radomiak Radom,0,0,,,,,98,0.0,0.0,98.0,0.0,0.0,100.0
13982037,2026-05-15,Zagłębie Lubin,Pogoń Szczecin,0,1,away,2.0,79.0,83.0,99,0.0,16.0,83.0,0.0,16.2,83.8
13982040,2026-05-15,MKS Korona Kielce,Widzew Łódź,1,0,home,2.0,61.0,62.0,98,36.0,0.0,62.0,36.7,0.0,63.3
13982034,2026-05-16,Motor Lublin,Cracovia,3,3,away,1.0,8.0,8.0,98,0.0,57.0,41.0,0.0,58.2,41.8
13982033,2026-05-16,Wisła Płock,Górnik Zabrze,0,1,away,2.0,75.0,76.0,94,0.0,18.0,76.0,0.0,19.1,80.9
13982039,2026-05-16,Radomiak Radom,Lech Poznań,1,3,home,1.0,8.0,8.0,97,8.0,75.0,14.0,8.2,77.3,14.4
13982038,2026-05-17,Piast Gliwice,Raków Częstochowa,1,3,away,1.0,1.0,1.0,97,0.0,96.0,1.0,0.0,99.0,1.0
13982041,2026-05-17,GKS Katowice,Jagiellonia Białystok,2,2,home,1.0,3.0,3.0,95,28.0,22.0,45.0,29.5,23.2,47.4
16122254,2026-05-17,KS Lechia Gdańsk,Legia Warszawa,1,2,away,1.0,11.0,11.0,96,0.0,55.0,41.0,0.0,57.3,42.7
13982036,2026-05-18,MZKS Arka Gdynia,Bruk-Bet Termalica Nieciecza,2,3,away,1.0,12.0,12.0,103,22.0,39.0,42.0,21.4,37.9,40.8
13982042,2026-05-23,Bruk-Bet Termalica Nieciecza,KS Lechia Gdańsk,3,2,home,1.0,21.0,21.0,98,77.0,0.0,21.0,78.6,0.0,21.4
13982044,2026-05-23,Cracovia,MKS Korona Kielce,1,1,away,1.0,2.0,2.0,98,0.0,4.0,94.0,0.0,4.1,95.9
13982045,2026-05-23,Górnik Zabrze,Radomiak Radom,6,2,home,1.0,9.0,9.0,90,81.0,0.0,9.0,90.0,0.0,10.0
13982048,2026-05-23,Jagiellonia Białystok,Zagłębie Lubin,1,0,home,1.0,32.0,32.0,95,63.0,0.0,32.0,66.3,0.0,33.7
13982046,2026-05-23,Lech Poznań,Wisła Płock,2,2,home,1.0,30.0,30.0,100,55.0,0.0,45.0,55.0,0.0,45.0
13982047,2026-05-23,Legia Warszawa,Motor Lublin,4,0,home,1.0,32.0,32.0,91,59.0,0.0,32.0,64.8,0.0,35.2
13982043,2026-05-23,Pogoń Szczecin,GKS Katowice,1,1,home,1.0,31.0,31.0,102,70.0,0.0,32.0,68.6,0.0,31.4
13982049,2026-05-23,Raków Częstochowa,MZKS Arka Gdynia,3,0,home,1.0,37.0,37.0,96,59.0,0.0,37.0,61.5,0.0,38.5
13982051,2026-05-23,Widzew Łódź,Piast Gliwice,2,1,home,1.0,11.0,11.0,97,86.0,0.0,11.0,88.7,0.0,11.3
