Rank,Team,P,W,D,L,GF,GA,Pts,GD,PPG,Season
1,Legia,30,20,7,3,59,22,67,37,2.2333333333333334,2012/2013
2,Lech Poznan,30,19,4,7,46,22,61,24,2.033333333333333,2012/2013
3,Slask Wroclaw,30,13,8,9,44,42,47,2,1.5666666666666667,2012/2013
4,Piast Gliwice,30,13,7,10,41,41,46,0,1.5333333333333334,2012/2013
5,Gornik Z.,30,12,7,11,35,31,43,4,1.4333333333333333,2012/2013
6,Polonia Warszawa,30,11,9,10,45,34,42,11,1.4,2012/2013
7,Zaglebie,30,11,7,12,38,37,40,1,1.3333333333333333,2012/2013
8,Lechia Gdansk,30,10,8,12,42,43,38,-1,1.2666666666666666,2012/2013
9,Wisla,30,10,8,12,28,35,38,-7,1.2666666666666666,2012/2013
10,Jagiellonia,30,8,13,9,31,45,37,-14,1.2333333333333334,2012/2013
11,Korona Kielce,30,9,9,12,32,37,36,-5,1.2,2012/2013
12,Pogon Szczecin,30,10,5,15,29,39,35,-10,1.1666666666666667,2012/2013
13,Widzew Lodz,30,8,9,13,30,41,33,-11,1.1,2012/2013
14,Podbeskidzie,30,8,8,14,39,43,32,-4,1.0666666666666667,2012/2013
15,Ruch,30,8,7,15,35,48,31,-13,1.0333333333333334,2012/2013
16,GKS Belchatow,30,7,10,13,24,38,31,-14,1.0333333333333334,2012/2013
1,Legia,37,26,3,8,75,34,81,41,2.189189189189189,2013/2014
2,Lech Poznan,37,19,9,9,68,40,66,28,1.7837837837837838,2013/2014
3,Ruch,37,16,11,10,47,48,59,-1,1.5945945945945945,2013/2014
4,Wisla,37,14,11,12,51,46,53,5,1.4324324324324325,2013/2014
5,Lechia Gdansk,37,13,13,11,46,41,52,5,1.4054054054054055,2013/2014
6,Gornik Z.,37,14,10,13,53,57,52,-4,1.4054054054054055,2013/2014
7,Slask Wroclaw,37,12,15,10,49,41,51,8,1.3783783783783783,2013/2014
8,Pogon Szczecin,37,11,17,9,50,50,50,0,1.3513513513513513,2013/2014
9,Jagiellonia,37,12,12,13,59,58,48,1,1.2972972972972974,2013/2014
10,Zawisza,37,12,10,15,48,48,46,0,1.2432432432432432,2013/2014
11,Podbeskidzie,37,10,15,12,39,45,45,-6,1.2162162162162162,2013/2014
12,Piast Gliwice,37,11,12,14,43,56,45,-13,1.2162162162162162,2013/2014
13,Korona Kielce,37,10,14,13,47,56,44,-9,1.1891891891891893,2013/2014
14,Cracovia,37,12,8,17,43,56,44,-13,1.1891891891891893,2013/2014
15,Widzew Lodz,37,8,9,20,36,59,33,-23,0.8918918918918919,2013/2014
16,Zaglebie,37,7,9,21,32,51,30,-19,0.8108108108108109,2013/2014
1,Lech Poznan,37,19,13,5,67,33,70,34,1.8918918918918919,2014/2015
2,Legia,37,21,7,9,64,33,70,31,1.8918918918918919,2014/2015
3,Jagiellonia,37,19,8,10,59,44,65,15,1.7567567567567568,2014/2015
4,Slask Wroclaw,37,15,13,9,50,43,58,7,1.5675675675675675,2014/2015
5,Cracovia,37,15,9,13,50,44,54,6,1.4594594594594594,2014/2015
6,Wisla,37,12,13,12,56,48,49,8,1.3243243243243243,2014/2015
7,Lechia Gdansk,37,13,10,14,45,47,49,-2,1.3243243243243243,2014/2015
8,Piast Gliwice,37,13,8,16,50,56,47,-6,1.2702702702702702,2014/2015
9,Gornik Z.,37,12,11,14,50,60,47,-10,1.2702702702702702,2014/2015
10,Korona Kielce,37,12,11,14,44,55,47,-11,1.2702702702702702,2014/2015
11,Ruch,37,12,10,15,44,46,46,-2,1.2432432432432432,2014/2015
12,Podbeskidzie,37,12,10,15,47,60,46,-13,1.2432432432432432,2014/2015
13,Leczna,37,11,11,15,39,46,44,-7,1.1891891891891893,2014/2015
14,Pogon Szczecin,37,11,9,17,45,52,42,-7,1.135135135135135,2014/2015
15,Zawisza,37,10,8,19,45,63,38,-18,1.027027027027027,2014/2015
16,GKS Belchatow,37,9,9,19,35,60,36,-25,0.972972972972973,2014/2015
1,Legia,37,21,10,6,70,32,73,38,1.972972972972973,2015/2016
2,Piast Gliwice,37,20,9,8,60,45,69,15,1.864864864864865,2015/2016
3,Zaglebie,37,17,9,11,55,42,60,13,1.6216216216216217,2015/2016
4,Cracovia,37,16,10,11,66,50,58,16,1.5675675675675675,2015/2016
5,Pogon Szczecin,37,12,17,8,43,43,53,0,1.4324324324324325,2015/2016
6,Lechia Gdansk,37,14,10,13,53,44,52,9,1.4054054054054055,2015/2016
7,Wisla,37,12,15,10,61,45,51,16,1.3783783783783783,2015/2016
8,Lech Poznan,37,14,6,17,42,47,48,-5,1.2972972972972974,2015/2016
9,Slask Wroclaw,37,12,12,13,41,46,48,-5,1.2972972972972974,2015/2016
10,Korona Kielce,37,10,15,12,39,45,45,-6,1.2162162162162162,2015/2016
11,Jagiellonia,37,13,6,18,46,62,45,-16,1.2162162162162162,2015/2016
12,Termalica B-B.,37,10,12,15,39,50,42,-11,1.135135135135135,2015/2016
13,Ruch,37,11,8,18,40,60,41,-20,1.1081081081081081,2015/2016
14,Leczna,37,10,9,18,40,53,39,-13,1.054054054054054,2015/2016
15,Podbeskidzie,37,9,12,16,45,63,39,-18,1.054054054054054,2015/2016
16,Gornik Z.,37,6,18,13,38,51,36,-13,0.972972972972973,2015/2016
1,Legia,37,21,10,6,70,31,73,39,1.972972972972973,2016/2017
2,Jagiellonia,37,21,8,8,64,39,71,25,1.9189189189189189,2016/2017
3,Lech Poznan,37,20,9,8,62,29,69,33,1.864864864864865,2016/2017
4,Lechia Gdansk,37,20,8,9,57,37,68,20,1.837837837837838,2016/2017
5,Zaglebie,37,14,11,12,51,45,53,6,1.4324324324324325,2016/2017
6,Wisla,37,14,6,17,54,57,48,-3,1.2972972972972974,2016/2017
7,Wisla Plock,37,12,11,14,49,57,47,-8,1.2702702702702702,2016/2017
8,Korona Kielce,37,14,5,18,47,65,47,-18,1.2702702702702702,2016/2017
9,Pogon Szczecin,37,11,13,13,51,54,46,-3,1.2432432432432432,2016/2017
10,Slask Wroclaw,37,12,10,15,49,52,46,-3,1.2432432432432432,2016/2017
11,Piast Gliwice,37,12,10,15,45,54,46,-9,1.2432432432432432,2016/2017
12,Termalica B-B.,37,13,7,17,35,55,46,-20,1.2432432432432432,2016/2017
13,Cracovia,37,8,15,14,45,52,39,-7,1.054054054054054,2016/2017
14,Arka Gdynia,37,10,9,18,44,60,39,-16,1.054054054054054,2016/2017
15,Ruch,37,10,8,19,42,62,38,-20,1.027027027027027,2016/2017
16,Leczna,37,9,10,18,47,63,37,-16,1.0,2016/2017
1,Legia,37,22,4,11,55,35,70,20,1.8918918918918919,2017/2018
2,Jagiellonia,37,20,7,10,55,41,67,14,1.8108108108108107,2017/2018
3,Lech Poznan,37,16,12,9,53,34,60,19,1.6216216216216217,2017/2018
4,Gornik Z.,37,16,12,9,68,54,60,14,1.6216216216216217,2017/2018
5,Wisla Plock,37,17,6,14,53,45,57,8,1.5405405405405406,2017/2018
6,Wisla,37,15,10,12,51,42,55,9,1.4864864864864864,2017/2018
7,Zaglebie,37,13,13,11,45,42,52,3,1.4054054054054055,2017/2018
8,Cracovia,37,13,11,13,51,52,50,-1,1.3513513513513513,2017/2018
9,Slask Wroclaw,37,13,11,13,50,54,50,-4,1.3513513513513513,2017/2018
10,Korona Kielce,37,12,13,12,49,54,49,-5,1.3243243243243243,2017/2018
11,Pogon Szczecin,37,12,9,16,46,54,45,-8,1.2162162162162162,2017/2018
12,Arka Gdynia,37,11,10,16,46,48,43,-2,1.162162162162162,2017/2018
13,Lechia Gdansk,37,9,13,15,46,58,40,-12,1.0810810810810811,2017/2018
14,Piast Gliwice,37,8,13,16,40,48,37,-8,1.0,2017/2018
15,Termalica B-B.,37,9,9,19,39,66,36,-27,0.972972972972973,2017/2018
16,Sandecja Nowy S.,37,6,15,16,34,54,33,-20,0.8918918918918919,2017/2018
1,Piast Gliwice,37,21,9,7,57,33,72,24,1.945945945945946,2018/2019
2,Legia,37,20,8,9,55,38,68,17,1.837837837837838,2018/2019
3,Lechia Gdansk,37,19,10,8,54,38,67,16,1.8108108108108107,2018/2019
4,Jagiellonia,37,16,9,12,55,52,57,3,1.5405405405405406,2018/2019
5,Cracovia,37,17,6,14,45,43,57,2,1.5405405405405406,2018/2019
6,Zaglebie,37,15,8,14,57,48,53,9,1.4324324324324325,2018/2019
7,Pogon Szczecin,37,14,10,13,57,54,52,3,1.4054054054054055,2018/2019
8,Lech Poznan,37,15,7,15,49,48,52,1,1.4054054054054055,2018/2019
9,Wisla,37,14,7,16,67,63,49,4,1.3243243243243243,2018/2019
10,Korona Kielce,37,12,11,14,42,54,47,-12,1.2702702702702702,2018/2019
11,Gornik Z.,37,12,10,15,48,53,46,-5,1.2432432432432432,2018/2019
12,Slask Wroclaw,37,12,8,17,49,45,44,4,1.1891891891891893,2018/2019
13,Arka Gdynia,37,10,12,15,49,51,42,-2,1.135135135135135,2018/2019
14,Wisla Plock,37,10,11,16,50,58,41,-8,1.1081081081081081,2018/2019
15,Legnica,37,10,10,17,40,65,40,-25,1.0810810810810811,2018/2019
16,Zaglebie Sosnowiec,37,7,8,22,49,80,29,-31,0.7837837837837838,2018/2019
1,Legia,37,21,6,10,70,35,69,35,1.864864864864865,2019/2020
2,Lech Poznan,37,18,12,7,70,35,66,35,1.7837837837837838,2019/2020
3,Piast Gliwice,37,18,7,12,41,32,61,9,1.6486486486486487,2019/2020
4,Lechia Gdansk,37,15,11,11,48,50,56,-2,1.5135135135135136,2019/2020
5,Slask Wroclaw,37,14,12,11,51,46,54,5,1.4594594594594594,2019/2020
6,Pogon Szczecin,37,14,12,11,37,39,54,-2,1.4594594594594594,2019/2020
7,Cracovia,37,16,5,16,49,40,53,9,1.4324324324324325,2019/2020
8,Zaglebie,37,15,8,14,61,53,53,8,1.4324324324324325,2019/2020
9,Gornik Z.,37,14,11,12,51,47,53,4,1.4324324324324325,2019/2020
10,Rakow,37,16,5,16,51,56,53,-5,1.4324324324324325,2019/2020
11,Jagiellonia,37,14,10,13,48,51,52,-3,1.4054054054054055,2019/2020
12,Wisla Plock,37,14,9,14,45,54,51,-9,1.3783783783783783,2019/2020
13,Wisla,37,13,6,18,44,56,45,-12,1.2162162162162162,2019/2020
14,Arka Gdynia,37,10,10,17,39,57,40,-18,1.0810810810810811,2019/2020
15,Korona Kielce,37,9,8,20,29,48,35,-19,0.9459459459459459,2019/2020
16,LKS Lodz,37,6,6,25,33,68,24,-35,0.6486486486486487,2019/2020
1,Legia,30,19,7,4,48,24,64,24,2.1333333333333333,2020/2021
2,Rakow,30,17,8,5,46,25,59,21,1.9666666666666666,2020/2021
3,Pogon Szczecin,30,15,7,8,36,23,52,13,1.7333333333333334,2020/2021
4,Slask Wroclaw,30,11,10,9,36,32,43,4,1.4333333333333333,2020/2021
5,Warta Poznan,30,13,4,13,33,32,43,1,1.4333333333333333,2020/2021
6,Piast Gliwice,30,11,9,10,39,32,42,7,1.4,2020/2021
7,Lechia Gdansk,30,12,6,12,40,37,42,3,1.4,2020/2021
8,Zaglebie,30,11,8,11,38,40,41,-2,1.3666666666666667,2020/2021
9,Lech Poznan,30,9,10,11,39,38,37,1,1.2333333333333334,2020/2021
10,Gornik Z.,30,10,7,13,31,33,37,-2,1.2333333333333334,2020/2021
11,Cracovia,30,8,13,9,28,32,37,-4,1.2333333333333334,2020/2021
12,Jagiellonia,30,10,7,13,39,48,37,-9,1.2333333333333334,2020/2021
13,Wisla,30,8,9,13,39,42,33,-3,1.1,2020/2021
14,Wisla Plock,30,8,9,13,37,44,33,-7,1.1,2020/2021
15,Stal Mielec,30,6,11,13,31,47,29,-16,0.9666666666666667,2020/2021
16,Podbeskidzie,30,6,7,17,29,60,25,-31,0.8333333333333334,2020/2021
1,Lech Poznan,34,22,8,4,67,24,74,43,2.176470588235294,2021/2022
2,Rakow,34,20,9,5,60,30,69,30,2.0294117647058822,2021/2022
3,Pogon Szczecin,34,18,11,5,63,31,65,32,1.911764705882353,2021/2022
4,Lechia Gdansk,34,16,9,9,52,39,57,13,1.6764705882352942,2021/2022
5,Piast Gliwice,34,15,9,10,45,37,54,8,1.588235294117647,2021/2022
6,Radomiak Radom,34,11,15,8,42,40,48,2,1.411764705882353,2021/2022
7,Wisla Plock,34,15,3,16,48,51,48,-3,1.411764705882353,2021/2022
8,Gornik Z.,34,13,8,13,55,55,47,0,1.3823529411764706,2021/2022
9,Cracovia,34,12,10,12,40,42,46,-2,1.3529411764705883,2021/2022
10,Legia,34,13,4,17,46,48,43,-2,1.2647058823529411,2021/2022
11,Warta Poznan,34,11,9,14,35,38,42,-3,1.2352941176470589,2021/2022
12,Jagiellonia,34,9,13,12,39,50,40,-11,1.1764705882352942,2021/2022
13,Zaglebie,34,11,5,18,43,59,38,-16,1.1176470588235294,2021/2022
14,Stal Mielec,34,9,10,15,39,52,37,-13,1.088235294117647,2021/2022
15,Slask Wroclaw,34,7,14,13,42,52,35,-10,1.0294117647058822,2021/2022
16,Termalica B-B.,34,7,11,16,36,56,32,-20,0.9411764705882353,2021/2022
17,Wisla,34,7,10,17,37,54,31,-17,0.9117647058823529,2021/2022
18,Leczna,34,6,10,18,29,60,28,-31,0.8235294117647058,2021/2022
1,Rakow,34,23,6,5,63,24,75,39,2.2058823529411766,2022/2023
2,Legia,34,19,9,6,57,37,66,20,1.9411764705882353,2022/2023
3,Lech Poznan,34,17,10,7,51,29,61,22,1.7941176470588236,2022/2023
4,Pogon Szczecin,34,17,9,8,57,46,60,11,1.7647058823529411,2022/2023
5,Piast Gliwice,34,15,8,11,40,31,53,9,1.5588235294117647,2022/2023
6,Cracovia,34,12,10,12,41,35,46,6,1.3529411764705883,2022/2023
7,Warta Poznan,34,12,9,13,37,35,45,2,1.3235294117647058,2022/2023
8,Zaglebie,34,12,9,13,35,44,45,-9,1.3235294117647058,2022/2023
9,Radomiak Radom,34,12,8,14,34,41,44,-7,1.2941176470588236,2022/2023
10,Stal Mielec,34,11,10,13,36,40,43,-4,1.2647058823529411,2022/2023
11,Jagiellonia,34,9,14,11,48,49,41,-1,1.2058823529411764,2022/2023
12,Korona Kielce,34,11,8,15,39,48,41,-9,1.2058823529411764,2022/2023
13,Widzew Lodz,34,11,8,15,38,47,41,-9,1.2058823529411764,2022/2023
14,Slask Wroclaw,34,9,11,14,35,48,38,-13,1.1176470588235294,2022/2023
15,Wisla Plock,34,10,7,17,41,50,37,-9,1.088235294117647,2022/2023
16,Lechia Gdansk,34,8,6,20,28,56,30,-28,0.8823529411764706,2022/2023
17,Gornik Z.,25,7,7,11,32,38,28,-6,1.12,2022/2023
18,Legnica,34,4,11,19,33,55,23,-22,0.6764705882352942,2022/2023
19,Gornik Zabrze,9,6,2,1,13,5,20,8,2.2222222222222223,2022/2023
1,Jagiellonia,34,18,9,7,77,45,63,32,1.8529411764705883,2023/2024
2,Slask Wroclaw,34,18,9,7,50,31,63,19,1.8529411764705883,2023/2024
3,Legia,34,16,11,7,51,39,59,12,1.7352941176470589,2023/2024
4,Pogon Szczecin,34,16,7,11,59,38,55,21,1.6176470588235294,2023/2024
5,Lech Poznan,34,14,11,9,47,41,53,6,1.5588235294117647,2023/2024
6,Gornik Zabrze,34,15,8,11,45,41,53,4,1.5588235294117647,2023/2024
7,Rakow,34,14,10,10,54,39,52,15,1.5294117647058822,2023/2024
8,Zaglebie,34,13,8,13,43,50,47,-7,1.3823529411764706,2023/2024
9,Widzew Lodz,34,13,7,14,45,46,46,-1,1.3529411764705883,2023/2024
10,Piast Gliwice,34,9,16,9,38,35,43,3,1.2647058823529411,2023/2024
11,Stal Mielec,34,11,10,13,42,48,43,-6,1.2647058823529411,2023/2024
12,Puszcza,34,9,13,12,39,49,40,-10,1.1764705882352942,2023/2024
13,Cracovia,34,8,15,11,45,46,39,-1,1.1470588235294117,2023/2024
14,Korona Kielce,34,8,14,12,40,44,38,-4,1.1176470588235294,2023/2024
15,Radomiak Radom,34,10,8,16,41,58,38,-17,1.1176470588235294,2023/2024
16,Warta Poznan,34,9,10,15,33,43,37,-10,1.088235294117647,2023/2024
17,Ruch Chorzow,34,6,14,14,40,55,32,-15,0.9411764705882353,2023/2024
18,LKS Lodz,34,6,6,22,34,75,24,-41,0.7058823529411765,2023/2024
1,Lech Poznan,34,22,4,8,68,31,70,37,2.0588235294117645,2024/2025
2,Rakow,34,20,9,5,51,23,69,28,2.0294117647058822,2024/2025
3,Jagiellonia,34,17,10,7,56,42,61,14,1.7941176470588236,2024/2025
4,Pogon Szczecin,34,17,7,10,59,40,58,19,1.7058823529411764,2024/2025
5,Legia,34,15,9,10,60,45,54,15,1.588235294117647,2024/2025
6,Cracovia,34,14,9,11,58,53,51,5,1.5,2024/2025
7,GKS Katowice,34,14,7,13,49,47,49,2,1.4411764705882353,2024/2025
8,Motor Lublin,34,14,7,13,48,59,49,-11,1.4411764705882353,2024/2025
9,Gornik Zabrze,34,13,8,13,43,39,47,4,1.3823529411764706,2024/2025
10,Piast Gliwice,34,11,12,11,37,36,45,1,1.3235294117647058,2024/2025
11,Korona Kielce,34,11,12,11,37,45,45,-8,1.3235294117647058,2024/2025
12,Radomiak Radom,34,11,8,15,48,52,41,-4,1.2058823529411764,2024/2025
13,Widzew Lodz,34,11,7,16,38,49,40,-11,1.1764705882352942,2024/2025
14,Lechia Gdansk,34,10,7,17,44,59,37,-15,1.088235294117647,2024/2025
15,Zaglebie,34,10,6,18,33,51,36,-18,1.0588235294117647,2024/2025
16,Stal Mielec,34,7,10,17,39,56,31,-17,0.9117647058823529,2024/2025
17,Slask Wroclaw,34,6,12,16,38,53,30,-15,0.8823529411764706,2024/2025
18,Puszcza,34,6,10,18,37,63,28,-26,0.8235294117647058,2024/2025
1,Lech Poznan,34,16,12,6,62,45,60,17,1.7647058823529411,2025/2026
2,Jagiellonia,34,15,11,8,56,41,56,15,1.6470588235294117,2025/2026
3,Gornik Zabrze,34,16,8,10,50,38,56,12,1.6470588235294117,2025/2026
4,Rakow,34,16,7,11,51,40,55,11,1.6176470588235294,2025/2026
5,GKS Katowice,34,14,8,12,51,45,50,6,1.4705882352941178,2025/2026
6,Legia,34,12,13,9,42,37,49,5,1.4411764705882353,2025/2026
7,Zaglebie,34,13,9,12,45,38,48,7,1.411764705882353,2025/2026
8,Wisla Plock,34,12,10,12,34,38,46,-4,1.3529411764705883,2025/2026
9,Pogon Szczecin,34,13,6,15,47,49,45,-2,1.3235294117647058,2025/2026
10,Radomiak Radom,34,11,11,12,52,53,44,-1,1.2941176470588236,2025/2026
11,Korona Kielce,34,11,10,13,40,40,43,0,1.2647058823529411,2025/2026
12,Lechia Gdansk,34,12,7,15,62,65,43,-3,1.2647058823529411,2025/2026
13,Motor Lublin,34,10,13,11,46,53,43,-7,1.2647058823529411,2025/2026
14,Widzew Lodz,34,12,6,16,41,41,42,0,1.2352941176470589,2025/2026
15,Cracovia,34,9,15,10,39,42,42,-3,1.2352941176470589,2025/2026
16,Piast Gliwice,34,11,8,15,42,46,41,-4,1.2058823529411764,2025/2026
17,Arka Gdynia,34,9,9,16,34,61,36,-27,1.0588235294117647,2025/2026
18,Termalica B-B.,34,9,7,18,43,65,34,-22,1.0,2025/2026
